dt,dt_iso,timezone,city_name,lat,lon,temp,visibility,dew_point,feels_like,temp_min,temp_max,pressure,sea_level,grnd_level,humidity,wind_speed,wind_deg,wind_gust,rain_1h,rain_3h,snow_1h,snow_3h,clouds_all,weather_id,weather_main,weather_description,weather_icon
1167613200,2007-01-01 01:00:00 +0000 UTC,-36000,Honolulu,21.309884,-157.85814,300.22,10000,288.91,300.63,299.71,300.25,1015,,,50,4.6,80,,,,,,40,802,Clouds,scattered clouds,03d
1167616800,2007-01-01 02:00:00 +0000 UTC,-36000,Honolulu,21.309884,-157.85814,299.78,10000,289.71,299.78,298.71,300.3,1015,,,54,5.1,60,,,,,,40,802,Clouds,scattered clouds,03d
1167620400,2007-01-01 03:00:00 +0000 UTC,-36000,Honolulu,21.309884,-157.85814,299.02,10000,291.44,299.31,298.08,299.8,1016,,,63,7.7,50,,,,,,40,802,Clouds,scattered clouds,03d
1167624000,2007-01-01 04:00:00 +0000 UTC,-36000,Honolulu,21.309884,-157.85814,297.93,10000,291.15,298.19,296.71,298.05,1017,,,66,5.7,60,,,,,,20,801,Clouds,few clouds,02d
1167627600,2007-01-01 05:00:00 +0000 UTC,-36000,Honolulu,21.309884,-157.85814,297.3,10000,290.79,297.52,295.9,297.45,1017,,,67,5.1,60,,,,,,20,801,Clouds,few clouds,02n
1167631200,2007-01-01 06:00:00 +0000 UTC,-36000,Honolulu,21.309884,-157.85814,296.84,10000,291.27,297.12,294.71,296.98,1017,,,71,4.1,70,,,,,,40,802,Clouds,scattered clouds,03n
1167634800,2007-01-01 07:00:00 +0000 UTC,-36000,Honolulu,21.309884,-157.85814,296.19,10000,290.65,296.4,293.7,296.35,1018,,,71,3.1,80,,,,,,40,802,Clouds,scattered clouds,03n
1167638400,2007-01-01 08:00:00 +0000 UTC,-36000,Honolulu,21.309884,-157.85814,296.22,10000,290,296.36,292.71,296.35,1018,,,68,3.1,50,,,,,,40,802,Clouds,scattered clouds,03n
1167642000,2007-01-01 09:00:00 +0000 UTC,-36000,Honolulu,21.309884,-157.85814,296.25,10000,290.48,296.44,292.5,296.98,1018,,,70,4.6,50,,,,,,20,801,Clouds,few clouds,02n
1167645600,2007-01-01 10:00:00 +0000 UTC,-36000,Honolulu,21.309884,-157.85814,295.88,10000,290.35,296.06,293.1,296.98,1018,,,71,2.6,50,,,,,,20,801,Clouds,few clouds,02n
1167649200,2007-01-01 11:00:00 +0000 UTC,-36000,Honolulu,21.309884,-157.85814,295.83,6437,290.31,296.01,292.1,296.98,1017,,,71,3.1,90,,,,,,20,711,Smoke,smoke,50n
1167652800,2007-01-01 12:00:00 +0000 UTC,-36000,Honolulu,21.309884,-157.85814,296.16,10000,290.4,296.34,292.5,296.38,1017,,,70,4.6,60,,,,,,40,802,Clouds,scattered clouds,03n
1167656400,2007-01-01 13:00:00 +0000 UTC,-36000,Honolulu,21.309884,-157.85814,295.26,10000,290.62,295.48,292.1,296.38,1017,,,75,3.1,80,,,,,,75,803,Clouds,broken clouds,04n
1167660000,2007-01-01 14:00:00 +0000 UTC,-36000,Honolulu,21.309884,-157.85814,295.43,10000,290.14,295.59,293.7,296.98,1017,,,72,3.6,60,,,,,,40,802,Clouds,scattered clouds,03n
1167663600,2007-01-01 15:00:00 +0000 UTC,-36000,Honolulu,21.309884,-157.85814,295.91,10000,289.93,296.04,292.71,296.98,1017,,,69,3.1,60,,,,,,75,803,Clouds,broken clouds,04n
1167667200,2007-01-01 16:00:00 +0000 UTC,-36000,Honolulu,21.309884,-157.85814,295.79,10000,289.82,295.91,292.71,296.38,1017,,,69,3.6,80,,,,,,75,803,Clouds,broken clouds,04n
1167670800,2007-01-01 17:00:00 +0000 UTC,-36000,Honolulu,21.309884,-157.85814,295.76,10000,289.79,295.88,291.71,296.38,1017,,,69,4.1,70,,,,,,20,801,Clouds,few clouds,02n
1167674400,2007-01-01 18:00:00 +0000 UTC,-36000,Honolulu,21.309884,-157.85814,296.79,10000,289.83,296.91,292.71,296.98,1017,,,65,4.6,60,,,,,,20,801,Clouds,few clouds,02d
1167678000,2007-01-01 19:00:00 +0000 UTC,-36000,Honolulu,21.309884,-157.85814,298.5,10000,290.7,298.71,296.71,298.65,1018,,,62,4.1,60,,,,,,20,801,Clouds,few clouds,02d
1167681600,2007-01-01 20:00:00 +0000 UTC,-36000,Honolulu,21.309884,-157.85814,299.56,10000,290.91,299.56,298.68,299.75,1018,,,59,4.6,60,,,,,,20,801,Clouds,few clouds,02d
1167685200,2007-01-01 21:00:00 +0000 UTC,-36000,Honolulu,21.309884,-157.85814,299.99,10000,291.04,300.9,298.68,300.25,1018,,,58,5.7,80,8.2,,,,,40,721,Haze,haze,50d
1167688800,2007-01-01 22:00:00 +0000 UTC,-36000,Honolulu,21.309884,-157.85814,300.01,10000,291.33,300.99,298.68,300.3,1017,,,59,5.1,90,7.2,,,,,40,802,Clouds,scattered clouds,03d
1167692400,2007-01-01 23:00:00 +0000 UTC,-36000,Honolulu,21.309884,-157.85814,300.49,10000,291.5,301.51,298.68,300.85,1016,,,58,4.1,100,,,,,,75,803,Clouds,broken clouds,04d
1167696000,2007-01-02 00:00:00 +0000 UTC,-36000,Honolulu,21.309884,-157.85814,300.89,10000,292.15,302.12,298.68,301.35,1016,,,59,6.2,40,,,,,,40,802,Clouds,scattered clouds,03d
1167699600,2007-01-02 01:00:00 +0000 UTC,-36000,Honolulu,21.309884,-157.85814,299.5,10000,291.64,299.5,298.1,299.75,1016,,,62,5.1,40,,,,,,75,803,Clouds,broken clouds,04d
1167703200,2007-01-02 02:00:00 +0000 UTC,-36000,Honolulu,21.309884,-157.85814,299.55,10000,291.94,299.55,298.08,300.9,1016,,,63,5.7,80,,,,,,40,802,Clouds,scattered clouds,03d
1167706800,2007-01-02 03:00:00 +0000 UTC,-36000,Honolulu,21.309884,-157.85814,299.84,10000,292.22,301.04,297.71,300.25,1016,,,63,3.6,70,,,,,,40,802,Clouds,scattered clouds,03d
1167710400,2007-01-02 04:00:00 +0000 UTC,-36000,Honolulu,21.309884,-157.85814,297.96,10000,291.89,298.3,297.48,298.1,1017,,,69,4.1,30,,,,,,75,803,Clouds,broken clouds,04d
1167714000,2007-01-02 05:00:00 +0000 UTC,-36000,Honolulu,21.309884,-157.85814,297.43,10000,291.84,297.77,296.71,297.48,1017,,,71,5.7,50,,,,,,75,803,Clouds,broken clouds,04n
1167717600,2007-01-02 06:00:00 +0000 UTC,-36000,Honolulu,21.309884,-157.85814,296.12,10000,292.28,296.54,295.71,297.48,1018,,,79,4.1,70,,,,,,40,500,Rain,light rain,10n
1167721200,2007-01-02 07:00:00 +0000 UTC,-36000,Honolulu,21.309884,-157.85814,296.1,10000,292.86,296.59,295.71,297.48,1018,,,82,4.6,70,7.2,,,,,75,803,Clouds,broken clouds,04n
1167724800,2007-01-02 08:00:00 +0000 UTC,-36000,Honolulu,21.309884,-157.85814,296.47,10000,292.21,296.87,295.3,297.48,1019,,,77,4.1,80,7.2,,,,,75,803,Clouds,broken clouds,04n
1167728400,2007-01-02 09:00:00 +0000 UTC,-36000,Honolulu,21.309884,-157.85814,296.39,10000,292.75,296.86,295.3,296.98,1019,,,80,3.6,40,,,,,,75,803,Clouds,broken clouds,04n
1167732000,2007-01-02 10:00:00 +0000 UTC,-36000,Honolulu,21.309884,-157.85814,296.39,10000,292.95,296.88,294.71,296.98,1018,,,81,3.1,60,,,,,,75,803,Clouds,broken clouds,04n
1167735600,2007-01-02 11:00:00 +0000 UTC,-36000,Honolulu,21.309884,-157.85814,296.17,10000,292.53,296.62,295.3,297.08,1018,,,80,3.6,70,,,,,,100,520,Rain,light intensity shower rain,09n
1167739200,2007-01-02 12:00:00 +0000 UTC,-36000,Honolulu,21.309884,-157.85814,295.42,10000,293.15,295.97,294.71,296.38,1018,,,87,2.1,10,,,,,,40,802,Clouds,scattered clouds,03n
1167742800,2007-01-02 13:00:00 +0000 UTC,-36000,Honolulu,21.309884,-157.85814,295.88,10000,293.04,296.4,294.71,296.38,1017,,,84,2.1,360,,,,,,75,803,Clouds,broken clouds,04n
1167746400,2007-01-02 14:00:00 +0000 UTC,-36000,Honolulu,21.309884,-157.85814,295.46,10000,292.24,295.89,294.2,296.98,1017,,,82,4.1,80,,,,,,40,802,Clouds,scattered clouds,03n
1167750000,2007-01-02 15:00:00 +0000 UTC,-36000,Honolulu,21.309884,-157.85814,295.78,10000,292.35,296.21,293.71,295.85,1017,,,81,2.1,50,,,,,,75,803,Clouds,broken clouds,04n
1167753600,2007-01-02 16:00:00 +0000 UTC,-36000,Honolulu,21.309884,-157.85814,296.08,10000,293.04,296.6,293.71,296.35,1017,,,83,3.1,50,,,,,,40,802,Clouds,scattered clouds,03n
1167757200,2007-01-02 17:00:00 +0000 UTC,-36000,Honolulu,21.309884,-157.85814,296.27,10000,292.83,296.75,294.71,296.38,1018,,,81,3.1,50,,,,,,40,520,Rain,light intensity shower rain,09n
1167760800,2007-01-02 18:00:00 +0000 UTC,-36000,Honolulu,21.309884,-157.85814,296.9,10000,292.84,297.37,294.71,296.98,1018,,,78,4.1,40,,,,,,40,802,Clouds,scattered clouds,03d
1167764400,2007-01-02 19:00:00 +0000 UTC,-36000,Honolulu,21.309884,-157.85814,298.53,10000,293.12,299,296.71,298.65,1019,,,72,4.1,80,8.2,,,,,40,802,Clouds,scattered clouds,03d
1167768000,2007-01-02 20:00:00 +0000 UTC,-36000,Honolulu,21.309884,-157.85814,299.13,10000,292.77,299.13,296.71,299.18,1019,,,68,5.1,50,,,,,,40,802,Clouds,scattered clouds,03d
1167771600,2007-01-02 21:00:00 +0000 UTC,-36000,Honolulu,21.309884,-157.85814,300.66,10000,292.99,302.18,298.71,300.85,1019,,,63,5.1,60,,,,,,40,802,Clouds,scattered clouds,03d
1167775200,2007-01-02 22:00:00 +0000 UTC,-36000,Honolulu,21.309884,-157.85814,301.09,10000,292.34,302.4,298.71,301.35,1018,,,59,5.1,90,,,,,,40,802,Clouds,scattered clouds,03d
1167778800,2007-01-02 23:00:00 +0000 UTC,-36000,Honolulu,21.309884,-157.85814,300.69,10000,293.02,302.23,299.71,300.9,1017,,,63,5.1,50,,,,,,75,803,Clouds,broken clouds,04d
1167782400,2007-01-03 00:00:00 +0000 UTC,-36000,Honolulu,21.309884,-157.85814,300.12,10000,292.48,301.41,299.18,300.9,1016,,,63,4.6,60,,,,,,40,500,Rain,light rain,10d
1167786000,2007-01-03 01:00:00 +0000 UTC,-36000,Honolulu,21.309884,-157.85814,301.09,10000,292.61,302.51,299.71,301.35,1016,,,60,5.1,20,7.7,,,,,40,802,Clouds,scattered clouds,03d
1167789600,2007-01-03 02:00:00 +0000 UTC,-36000,Honolulu,21.309884,-157.85814,299.89,10000,292.76,301.23,298.08,300.25,1017,,,65,5.7,70,,,,,,75,803,Clouds,broken clouds,04d
1167793200,2007-01-03 03:00:00 +0000 UTC,-36000,Honolulu,21.309884,-157.85814,299.02,10000,292.43,299.41,296.71,299.8,1017,,,67,4.6,40,,,,,,75,803,Clouds,broken clouds,04d
1167796800,2007-01-03 04:00:00 +0000 UTC,-36000,Honolulu,21.309884,-157.85814,297.96,10000,292.57,298.38,296.71,298.1,1018,,,72,6.7,70,,,,,,75,500,Rain,light rain,10d
1167800400,2007-01-03 05:00:00 +0000 UTC,-36000,Honolulu,21.309884,-157.85814,297.83,10000,292.89,298.29,295.71,298.05,1018,,,74,6.2,60,,,,,,40,802,Clouds,scattered clouds,03n
1167804000,2007-01-03 06:00:00 +0000 UTC,-36000,Honolulu,21.309884,-157.85814,297.8,10000,292.64,298.23,295.71,298.05,1019,,,73,6.7,60,,,,,,40,802,Clouds,scattered clouds,03n
1167807600,2007-01-03 07:00:00 +0000 UTC,-36000,Honolulu,21.309884,-157.85814,297.32,10000,292.82,297.78,295.71,297.45,1019,,,76,5.1,40,,,,,,75,803,Clouds,broken clouds,04n
1167811200,2007-01-03 08:00:00 +0000 UTC,-36000,Honolulu,21.309884,-157.85814,297.4,10000,292.25,297.79,294.71,297.48,1019,,,73,4.6,60,,,,,,40,802,Clouds,scattered clouds,03n
1167814800,2007-01-03 09:00:00 +0000 UTC,-36000,Honolulu,21.309884,-157.85814,297.34,10000,291.53,297.64,294.71,297.48,1020,,,70,5.1,60,,,,,,40,802,Clouds,scattered clouds,03n
1167818400,2007-01-03 10:00:00 +0000 UTC,-36000,Honolulu,21.309884,-157.85814,297.34,10000,291.53,297.64,294.71,297.48,1019,,,70,4.1,50,,,,,,40,802,Clouds,scattered clouds,03n
1167822000,2007-01-03 11:00:00 +0000 UTC,-36000,Honolulu,21.309884,-157.85814,297.32,10000,291.73,297.65,294.8,297.48,1019,,,71,3.6,60,,,,,,40,802,Clouds,scattered clouds,03n
1167825600,2007-01-03 12:00:00 +0000 UTC,-36000,Honolulu,21.309884,-157.85814,297.29,10000,291.48,297.59,294.2,297.48,1019,,,70,5.1,70,,,,,,40,802,Clouds,scattered clouds,03n
1167829200,2007-01-03 13:00:00 +0000 UTC,-36000,Honolulu,21.309884,-157.85814,296.92,10000,291.12,297.18,294.71,297.48,1019,,,70,3.6,40,,,,,,20,801,Clouds,few clouds,02n
1167832800,2007-01-03 14:00:00 +0000 UTC,-36000,Honolulu,21.309884,-157.85814,296.37,10000,290.82,296.6,293.71,296.98,1019,,,71,4.1,70,,,,,,20,801,Clouds,few clouds,02n
1167836400,2007-01-03 15:00:00 +0000 UTC,-36000,Honolulu,21.309884,-157.85814,296.37,10000,291.26,296.65,294.8,296.98,1019,,,73,4.1,80,,,,,,20,801,Clouds,few clouds,02n
1167840000,2007-01-03 16:00:00 +0000 UTC,-36000,Honolulu,21.309884,-157.85814,296.37,10000,291.69,296.71,294.71,296.98,1019,,,75,8.8,60,11.3,,,,,75,803,Clouds,broken clouds,04n
1167843600,2007-01-03 17:00:00 +0000 UTC,-36000,Honolulu,21.309884,-157.85814,296.44,10000,291.33,296.73,294.71,297.48,1020,,,73,4.6,70,7.2,,,,,75,803,Clouds,broken clouds,04n
1167847200,2007-01-03 18:00:00 +0000 UTC,-36000,Honolulu,21.309884,-157.85814,297.27,10000,291.46,297.57,294.71,297.45,1021,,,70,4.6,50,,,,,,40,802,Clouds,scattered clouds,03d
1167850800,2007-01-03 19:00:00 +0000 UTC,-36000,Honolulu,21.309884,-157.85814,298.14,10000,292.52,298.55,295.71,298.65,1021,,,71,7.7,70,,,,,,75,803,Clouds,broken clouds,04d
1167854400,2007-01-03 20:00:00 +0000 UTC,-36000,Honolulu,21.309884,-157.85814,297.94,10000,291.64,298.25,295.9,298.08,1022,,,68,5.7,50,,,,,,75,803,Clouds,broken clouds,04d
1167858000,2007-01-03 21:00:00 +0000 UTC,-36000,Honolulu,21.309884,-157.85814,298.79,10000,291.22,299.05,296.71,299.15,1021,,,63,7.2,60,,,,,,75,803,Clouds,broken clouds,04d
1167861600,2007-01-03 22:00:00 +0000 UTC,-36000,Honolulu,21.309884,-157.85814,298.2,10000,291.41,298.48,297.71,299.2,1021,,,66,7.2,60,10.3,0.3,,,,75,500,Rain,light rain,10d
1167865200,2007-01-03 23:00:00 +0000 UTC,-36000,Honolulu,21.309884,-157.85814,299.11,10000,290.22,299.11,297.71,299.8,1020,,,58,7.2,40,11.3,,,,,75,500,Rain,light rain,10d
1167868800,2007-01-04 00:00:00 +0000 UTC,-36000,Honolulu,21.309884,-157.85814,299.96,10000,290.45,300.74,297.71,300.25,1019,,,56,8.2,50,,,,,,40,802,Clouds,scattered clouds,03d
1167872400,2007-01-04 01:00:00 +0000 UTC,-36000,Honolulu,21.309884,-157.85814,299.99,10000,290.2,300.71,298.68,300.25,1019,,,55,8.8,50,11.8,,,,,75,803,Clouds,broken clouds,04d
1167876000,2007-01-04 02:00:00 +0000 UTC,-36000,Honolulu,21.309884,-157.85814,299.56,10000,290.08,299.56,297.71,299.75,1019,,,56,6.7,50,10.8,,,,,75,500,Rain,light rain,10d
1167879600,2007-01-04 03:00:00 +0000 UTC,-36000,Honolulu,21.309884,-157.85814,298.93,10000,289.5,299.03,297.71,299.15,1020,,,56,8.2,50,11.8,,,,,75,803,Clouds,broken clouds,04d
1167883200,2007-01-04 04:00:00 +0000 UTC,-36000,Honolulu,21.309884,-157.85814,297.93,10000,289.9,298.06,296.71,298.05,1020,,,61,9.8,60,12.4,,,,,75,803,Clouds,broken clouds,04d
1167886800,2007-01-04 05:00:00 +0000 UTC,-36000,Honolulu,21.309884,-157.85814,297.35,10000,289.61,297.44,296.71,297.45,1021,,,62,8.2,60,11.3,,,,,100,804,Clouds,overcast clouds,04n
1167890400,2007-01-04 06:00:00 +0000 UTC,-36000,Honolulu,21.309884,-157.85814,297.35,10000,289.61,297.44,295.71,297.45,1021,,,62,9.8,50,13.9,,,,,40,802,Clouds,scattered clouds,03n
1167894000,2007-01-04 07:00:00 +0000 UTC,-36000,Honolulu,21.309884,-157.85814,297.34,10000,289.61,297.43,296.4,297.45,1021,,,62,7.7,70,8.2,,,,,40,802,Clouds,scattered clouds,03n
1167897600,2007-01-04 08:00:00 +0000 UTC,-36000,Honolulu,21.309884,-157.85814,297.35,10000,290.84,297.58,295.71,297.45,1021,,,67,9.3,60,10.8,,,,,75,803,Clouds,broken clouds,04n
1167901200,2007-01-04 09:00:00 +0000 UTC,-36000,Honolulu,21.309884,-157.85814,296.92,10000,290.66,297.13,295.71,296.98,1021,,,68,8.2,60,,,,,,75,803,Clouds,broken clouds,04n
1167904800,2007-01-04 10:00:00 +0000 UTC,-36000,Honolulu,21.309884,-157.85814,296.92,10000,289.71,297.02,295.71,296.98,1021,,,64,9.3,60,12.4,,,,,75,803,Clouds,broken clouds,04n
1167908400,2007-01-04 11:00:00 +0000 UTC,-36000,Honolulu,21.309884,-157.85814,296.35,10000,291.68,296.68,294.71,296.4,1021,,,75,8.8,50,16.5,,,,,75,500,Rain,light rain,10n
1167912000,2007-01-04 12:00:00 +0000 UTC,-36000,Honolulu,21.309884,-157.85814,296.42,10000,291.31,296.71,294.71,296.98,1020,,,73,8.7,70,11.3,,,,,40,802,Clouds,scattered clouds,03n
1167915600,2007-01-04 13:00:00 +0000 UTC,-36000,Honolulu,21.309884,-157.85814,295.93,10000,290.18,296.09,293.71,296.38,1020,,,70,9.3,60,11.3,,,,,75,500,Rain,light rain,10n
1167919200,2007-01-04 14:00:00 +0000 UTC,-36000,Honolulu,21.309884,-157.85814,295.99,10000,290.46,296.18,294.71,296.98,1020,,,71,7.2,60,12.4,,,,,100,500,Rain,light rain,10n
1167922800,2007-01-04 15:00:00 +0000 UTC,-36000,Honolulu,21.309884,-157.85814,296.3,10000,290.07,296.45,293.71,296.38,1020,,,68,6.2,60,11.3,,,,,75,803,Clouds,broken clouds,04n
1167926400,2007-01-04 16:00:00 +0000 UTC,-36000,Honolulu,21.309884,-157.85814,296.42,10000,290.19,296.58,293.71,296.98,1020,,,68,8.2,60,12.9,,,,,75,803,Clouds,broken clouds,04n
1167930000,2007-01-04 17:00:00 +0000 UTC,-36000,Honolulu,21.309884,-157.85814,295.88,10000,290.79,296.11,294.71,296.4,1020,,,73,10.3,70,12.9,,,,,40,500,Rain,light rain,10n
1167933600,2007-01-04 18:00:00 +0000 UTC,-36000,Honolulu,21.309884,-157.85814,296.42,10000,290.19,296.58,295.71,296.98,1021,,,68,8.7,50,10.8,,,,,40,802,Clouds,scattered clouds,03d
1167937200,2007-01-04 19:00:00 +0000 UTC,-36000,Honolulu,21.309884,-157.85814,297.38,10000,290.14,297.53,295.71,297.5,1021,,,64,8.2,70,11.3,,,,,20,801,Clouds,few clouds,02d
1167940800,2007-01-04 20:00:00 +0000 UTC,-36000,Honolulu,21.309884,-157.85814,297.35,10000,290.84,297.58,296.71,297.45,1021,,,67,7.2,60,11.8,,,,,20,801,Clouds,few clouds,02d
1167944400,2007-01-04 21:00:00 +0000 UTC,-36000,Honolulu,21.309884,-157.85814,297.63,10000,291.8,297.96,297.45,299.2,1021,,,70,12.4,70,15.4,,,,,40,500,Rain,light rain,10d
1167948000,2007-01-04 22:00:00 +0000 UTC,-36000,Honolulu,21.309884,-157.85814,298.99,10000,290.9,299.22,297.71,299.2,1020,,,61,9.8,70,12.9,,,,,40,802,Clouds,scattered clouds,03d
1167951600,2007-01-04 23:00:00 +0000 UTC,-36000,Honolulu,21.309884,-157.85814,299.24,10000,291.65,299.24,296.38,299.8,1019,,,63,8.8,60,13.9,,,,,40,520,Rain,light intensity shower rain,09d
1167955200,2007-01-05 00:00:00 +0000 UTC,-36000,Honolulu,21.309884,-157.85814,298.51,10000,292.41,298.9,295.88,299.15,1018,,,69,7.7,60,13.4,,,,,40,802,Clouds,scattered clouds,03d
1167958800,2007-01-05 01:00:00 +0000 UTC,-36000,Honolulu,21.309884,-157.85814,299.13,10000,292.04,299.13,295.88,299.75,1018,,,65,11.3,80,13.4,,,,,75,520,Rain,light intensity shower rain,09d
1167962400,2007-01-05 02:00:00 +0000 UTC,-36000,Honolulu,21.309884,-157.85814,298.7,10000,291.14,298.96,295.71,299.15,1018,,,63,7.2,70,10.8,,,,,75,520,Rain,light intensity shower rain,09d
1167966000,2007-01-05 03:00:00 +0000 UTC,-36000,Honolulu,21.309884,-157.85814,297.86,10000,290.6,298.06,295.71,298.05,1019,,,64,8.2,70,12.4,0.12,,,,75,500,Rain,light rain,10d
1167969600,2007-01-05 04:00:00 +0000 UTC,-36000,Honolulu,21.309884,-157.85814,297.35,10000,290.11,297.5,295.71,297.45,1019,,,64,8.8,60,11.3,,,,,75,803,Clouds,broken clouds,04d
1167973200,2007-01-05 05:00:00 +0000 UTC,-36000,Honolulu,21.309884,-157.85814,296.38,10000,290.61,296.59,295.71,297,1019,,,70,8.8,70,,,,,,40,802,Clouds,scattered clouds,03n
1167976800,2007-01-05 06:00:00 +0000 UTC,-36000,Honolulu,21.309884,-157.85814,296.92,10000,289.71,297.02,295.71,296.98,1020,,,64,7.7,70,9.8,,,,,40,802,Clouds,scattered clouds,03n
1167980400,2007-01-05 07:00:00 +0000 UTC,-36000,Honolulu,21.309884,-157.85814,297.35,10000,290.84,297.58,296.71,297.45,1020,,,67,6.7,50,11.8,,,,,20,801,Clouds,few clouds,02n
1167984000,2007-01-05 08:00:00 +0000 UTC,-36000,Honolulu,21.309884,-157.85814,296.95,10000,290.69,297.16,295.71,297,1020,,,68,8.2,80,11.8,,,,,75,803,Clouds,broken clouds,04n
1167987600,2007-01-05 09:00:00 +0000 UTC,-36000,Honolulu,21.309884,-157.85814,296.9,10000,291.55,297.21,295.71,296.98,1020,,,72,6.7,60,,,,,,75,500,Rain,light rain,10n
1167991200,2007-01-05 10:00:00 +0000 UTC,-36000,Honolulu,21.309884,-157.85814,295.9,10000,291.24,296.19,295.3,296.38,1020,,,75,8.8,70,13.9,0.3,,,,75,500,Rain,light rain,10n
1167994800,2007-01-05 11:00:00 +0000 UTC,-36000,Honolulu,21.309884,-157.85814,295.93,10000,291.27,296.22,295.71,296.38,1019,,,75,8.2,80,10.8,0.13,,,,75,500,Rain,light rain,10n
1167998400,2007-01-05 12:00:00 +0000 UTC,-36000,Honolulu,21.309884,-157.85814,295.8,10000,291.36,296.11,294.8,295.88,1019,,,76,6.7,70,,0.19,,,,20,520,Rain,light intensity shower rain,09n
1168002000,2007-01-05 13:00:00 +0000 UTC,-36000,Honolulu,21.309884,-157.85814,295.29,10000,291.68,295.65,294.2,295.88,1018,,,80,6.7,50,,,,,,100,500,Rain,light rain,10n
1168005600,2007-01-05 14:00:00 +0000 UTC,-36000,Honolulu,21.309884,-157.85814,295.77,10000,293.31,296.33,294.2,295.88,1018,,,86,8.8,60,12.9,,,,,75,500,Rain,light rain,10n
1168009200,2007-01-05 15:00:00 +0000 UTC,-36000,Honolulu,21.309884,-157.85814,295.82,10000,292.19,296.23,295.3,295.88,1018,,,80,7.7,80,11.8,0.3,0.3,,,40,520,Rain,light intensity shower rain,09n
1168012800,2007-01-05 16:00:00 +0000 UTC,-36000,Honolulu,21.309884,-157.85814,295.82,10000,291.79,296.18,295.3,295.88,1018,,,78,8.8,60,10.3,,,,,20,801,Clouds,few clouds,02n
1168016400,2007-01-05 17:00:00 +0000 UTC,-36000,Honolulu,21.309884,-157.85814,295.93,10000,291.06,296.2,295.71,296.38,1019,,,74,5.1,70,,,,,,40,802,Clouds,scattered clouds,03n
1168020000,2007-01-05 18:00:00 +0000 UTC,-36000,Honolulu,21.309884,-157.85814,296.33,10000,290.78,296.56,294.71,296.38,1020,,,71,4.1,80,,,,,,40,802,Clouds,scattered clouds,03d
1168023600,2007-01-05 19:00:00 +0000 UTC,-36000,Honolulu,21.309884,-157.85814,296.98,10000,291.63,297.3,295.71,297.5,1020,,,72,5.7,40,,,,,,40,802,Clouds,scattered clouds,03d
1168027200,2007-01-05 20:00:00 +0000 UTC,-36000,Honolulu,21.309884,-157.85814,297.45,10000,291.63,297.76,296.71,297.5,1020,,,70,5.7,60,,0.3,,,,75,500,Rain,light rain,10d
1168030800,2007-01-05 21:00:00 +0000 UTC,-36000,Honolulu,21.309884,-157.85814,298.9,10000,292.07,299.25,296.71,299.2,1019,,,66,7.7,60,11.8,,0.3,,,20,500,Rain,light rain,10d
1168034400,2007-01-05 22:00:00 +0000 UTC,-36000,Honolulu,21.309884,-157.85814,299.52,10000,292.66,299.52,296.71,300.3,1018,,,66,5.7,60,13.4,,,,,20,801,Clouds,few clouds,02d
1168038000,2007-01-05 23:00:00 +0000 UTC,-36000,Honolulu,21.309884,-157.85814,299.64,10000,292.03,299.64,297.71,300.9,1017,,,63,8.2,60,11.3,,,,,20,801,Clouds,few clouds,02d
1168041600,2007-01-06 00:00:00 +0000 UTC,-36000,Honolulu,21.309884,-157.85814,300.07,10000,291.65,301.13,298.68,301.4,1016,,,60,8.2,60,11.3,,,,,20,801,Clouds,few clouds,02d
1168045200,2007-01-06 01:00:00 +0000 UTC,-36000,Honolulu,21.309884,-157.85814,299.52,10000,291.66,299.52,298.08,300.3,1016,,,62,9.3,70,11.8,,,,,75,803,Clouds,broken clouds,04d
1168048800,2007-01-06 02:00:00 +0000 UTC,-36000,Honolulu,21.309884,-157.85814,299.47,10000,292.37,299.47,297.71,299.75,1016,,,65,7.2,60,,,,,,40,802,Clouds,scattered clouds,03d
1168052400,2007-01-06 03:00:00 +0000 UTC,-36000,Honolulu,21.309884,-157.85814,297.54,10000,292.39,297.94,297.45,299.2,1016,,,73,6.7,60,10.3,,,,,75,500,Rain,light rain,10d
1168056000,2007-01-06 04:00:00 +0000 UTC,-36000,Honolulu,21.309884,-157.85814,297.43,10000,291.61,297.74,296.71,297.48,1017,,,70,7.7,60,,,,,,40,802,Clouds,scattered clouds,03d
1168059600,2007-01-06 05:00:00 +0000 UTC,-36000,Honolulu,21.309884,-157.85814,297.4,10000,291.12,297.66,296.4,297.48,1018,,,68,8.2,60,,,,,,20,801,Clouds,few clouds,02n
1168063200,2007-01-06 06:00:00 +0000 UTC,-36000,Honolulu,21.309884,-157.85814,297,10000,291.43,297.29,296.4,297.48,1018,,,71,7.2,80,8.8,,,,,40,802,Clouds,scattered clouds,03n
1168066800,2007-01-06 07:00:00 +0000 UTC,-36000,Honolulu,21.309884,-157.85814,297.03,10000,292.12,297.41,296.71,297.48,1018,,,74,7.7,80,11.8,,,,,75,500,Rain,light rain,10n
1168070400,2007-01-06 08:00:00 +0000 UTC,-36000,Honolulu,21.309884,-157.85814,296.45,10000,291.77,296.79,296.35,296.98,1018,,,75,5.1,70,,,,,,40,802,Clouds,scattered clouds,03n
1168074000,2007-01-06 09:00:00 +0000 UTC,-36000,Honolulu,21.309884,-157.85814,296.42,10000,291.74,296.76,295.9,296.98,1018,,,75,5.7,70,,,,,,40,802,Clouds,scattered clouds,03n
1168077600,2007-01-06 10:00:00 +0000 UTC,-36000,Honolulu,21.309884,-157.85814,296.33,10000,291.66,296.66,295.71,296.38,1018,,,75,5.7,60,,,,,,20,801,Clouds,few clouds,02n
1168081200,2007-01-06 11:00:00 +0000 UTC,-36000,Honolulu,21.309884,-157.85814,296.32,10000,290.77,296.55,295.71,296.35,1017,,,71,6.2,70,11.3,,,,,20,801,Clouds,few clouds,02n
1168084800,2007-01-06 12:00:00 +0000 UTC,-36000,Honolulu,21.309884,-157.85814,295.9,10000,291.66,296.24,295.3,296.38,1017,,,77,6.7,60,,,,,,20,801,Clouds,few clouds,02n
1168088400,2007-01-06 13:00:00 +0000 UTC,-36000,Honolulu,21.309884,-157.85814,296.02,10000,291.57,296.35,295.71,296.98,1016,,,76,5.7,70,8.2,,,,,20,520,Rain,light intensity shower rain,09n
1168092000,2007-01-06 14:00:00 +0000 UTC,-36000,Honolulu,21.309884,-157.85814,295.93,10000,291.9,296.3,294.71,296.38,1016,,,78,5.1,90,7.2,,,,,20,801,Clouds,few clouds,02n
1168095600,2007-01-06 15:00:00 +0000 UTC,-36000,Honolulu,21.309884,-157.85814,295.99,10000,291.33,296.29,294.71,296.98,1017,,,75,3.1,100,,,,,,20,801,Clouds,few clouds,02n
1168099200,2007-01-06 16:00:00 +0000 UTC,-36000,Honolulu,21.309884,-157.85814,296.39,10000,291.71,296.73,294.71,296.98,1017,,,75,4.6,40,,,,,,20,801,Clouds,few clouds,02n
1168102800,2007-01-06 17:00:00 +0000 UTC,-36000,Honolulu,21.309884,-157.85814,296.39,10000,291.5,296.7,295.3,296.98,1017,,,74,3.6,50,,,,,,20,801,Clouds,few clouds,02n
1168106400,2007-01-06 18:00:00 +0000 UTC,-36000,Honolulu,21.309884,-157.85814,297,10000,291.2,297.27,295.71,297.48,1018,,,70,5.1,70,,,,,,40,802,Clouds,scattered clouds,03d
1168110000,2007-01-06 19:00:00 +0000 UTC,-36000,Honolulu,21.309884,-157.85814,297.99,10000,292.15,298.36,296.71,298.7,1019,,,70,6.2,90,8.8,,,,,75,803,Clouds,broken clouds,04d
1168113600,2007-01-06 20:00:00 +0000 UTC,-36000,Honolulu,21.309884,-157.85814,299.56,10000,292.45,299.56,296.71,299.75,1019,,,65,5.7,90,8.8,,,,,40,802,Clouds,scattered clouds,03d
1168117200,2007-01-06 21:00:00 +0000 UTC,-36000,Honolulu,21.309884,-157.85814,299.02,10000,291.94,299.36,297.71,299.8,1019,,,65,5.7,60,,,,,,75,803,Clouds,broken clouds,04d
1168120800,2007-01-06 22:00:00 +0000 UTC,-36000,Honolulu,21.309884,-157.85814,299.66,10000,292.05,299.66,297.71,299.8,1018,,,63,6.2,70,,,,,,75,803,Clouds,broken clouds,04d
1168124400,2007-01-06 23:00:00 +0000 UTC,-36000,Honolulu,21.309884,-157.85814,299.33,10000,291.99,299.33,298.71,300.9,1017,,,64,7.2,60,,,,,,75,803,Clouds,broken clouds,04d
1168128000,2007-01-07 00:00:00 +0000 UTC,-36000,Honolulu,21.309884,-157.85814,300.21,10000,291.51,301.23,298.71,300.9,1016,,,59,6.7,60,,,,,,40,802,Clouds,scattered clouds,03d
1168131600,2007-01-07 01:00:00 +0000 UTC,-36000,Honolulu,21.309884,-157.85814,299.66,10000,291.53,299.66,299.18,299.8,1016,,,61,6.2,80,,,,,,40,802,Clouds,scattered clouds,03d
1168135200,2007-01-07 02:00:00 +0000 UTC,-36000,Honolulu,21.309884,-157.85814,299.78,10000,290.29,299.78,298.71,300.3,1016,,,56,7.2,50,,,,,,20,801,Clouds,few clouds,02d
1168138800,2007-01-07 03:00:00 +0000 UTC,-36000,Honolulu,21.309884,-157.85814,299.47,10000,291.61,299.47,298.08,299.75,1017,,,62,7.2,60,,,,,,20,801,Clouds,few clouds,02d
1168142400,2007-01-07 04:00:00 +0000 UTC,-36000,Honolulu,21.309884,-157.85814,297.93,10000,291.86,298.27,296.71,298.05,1017,,,69,6.2,60,,,,,,40,802,Clouds,scattered clouds,03d
1168146000,2007-01-07 05:00:00 +0000 UTC,-36000,Honolulu,21.309884,-157.85814,297.4,10000,291.58,297.71,296.4,297.48,1018,,,70,5.1,50,,,,,,40,802,Clouds,scattered clouds,03n
1168149600,2007-01-07 06:00:00 +0000 UTC,-36000,Honolulu,21.309884,-157.85814,296.98,10000,292.28,297.38,295.71,297.48,1018,,,75,4.1,80,,,,,,40,802,Clouds,scattered clouds,03n
1168153200,2007-01-07 07:00:00 +0000 UTC,-36000,Honolulu,21.309884,-157.85814,296.87,10000,291.3,297.15,295.3,296.98,1018,,,71,7.7,60,,,,,,20,801,Clouds,few clouds,02n
1168156800,2007-01-07 08:00:00 +0000 UTC,-36000,Honolulu,21.309884,-157.85814,297,10000,291.2,297.27,295.71,297.48,1018,,,70,6.7,60,,,,,,20,801,Clouds,few clouds,02n
1168160400,2007-01-07 09:00:00 +0000 UTC,-36000,Honolulu,21.309884,-157.85814,296.92,10000,291.35,297.21,295.71,296.98,1018,,,71,6.2,70,,,,,,20,801,Clouds,few clouds,02n
1168164000,2007-01-07 10:00:00 +0000 UTC,-36000,Honolulu,21.309884,-157.85814,296.91,10000,290.65,297.12,295.71,296.95,1017,,,68,5.7,60,9.3,,,,,20,801,Clouds,few clouds,02n
1168167600,2007-01-07 11:00:00 +0000 UTC,-36000,Honolulu,21.309884,-157.85814,296.9,10000,291.55,297.21,295.71,296.98,1017,,,72,8.2,70,,,,,,20,801,Clouds,few clouds,02n
1168171200,2007-01-07 12:00:00 +0000 UTC,-36000,Honolulu,21.309884,-157.85814,296.92,10000,291.35,297.21,295.71,296.98,1016,,,71,6.7,90,,,,,,20,801,Clouds,few clouds,02n
1168174800,2007-01-07 13:00:00 +0000 UTC,-36000,Honolulu,21.309884,-157.85814,296.02,10000,291.36,296.32,295.71,296.98,1016,,,75,5.1,80,,,,,,0,800,Clear,sky is clear,01n
1168178400,2007-01-07 14:00:00 +0000 UTC,-36000,Honolulu,21.309884,-157.85814,295.99,10000,291.75,296.34,294.71,296.98,1016,,,77,5.7,100,8.2,,,,,75,803,Clouds,broken clouds,04n
1168182000,2007-01-07 15:00:00 +0000 UTC,-36000,Honolulu,21.309884,-157.85814,295.85,10000,291.19,296.13,294.71,295.9,1016,,,75,4.6,60,,,,,,75,803,Clouds,broken clouds,04n
1168185600,2007-01-07 16:00:00 +0000 UTC,-36000,Honolulu,21.309884,-157.85814,295.99,10000,291.54,296.31,294.71,296.98,1017,,,76,5.1,60,,,,,,20,801,Clouds,few clouds,02n
1168189200,2007-01-07 17:00:00 +0000 UTC,-36000,Honolulu,21.309884,-157.85814,295.8,10000,291.97,296.18,294.71,295.88,1017,,,79,6.7,60,,,,,,40,802,Clouds,scattered clouds,03n
1168192800,2007-01-07 18:00:00 +0000 UTC,-36000,Honolulu,21.309884,-157.85814,296.9,10000,291.33,297.18,294.71,296.98,1017,,,71,5.7,90,9.3,,,,,40,802,Clouds,scattered clouds,03d
1168196400,2007-01-07 19:00:00 +0000 UTC,-36000,Honolulu,21.309884,-157.85814,297.38,10000,291.79,297.71,296.71,297.5,1018,,,71,5.1,110,,,,,,40,802,Clouds,scattered clouds,03d
1168200000,2007-01-07 20:00:00 +0000 UTC,-36000,Honolulu,21.309884,-157.85814,298.53,10000,291.72,298.85,297.48,299.8,1018,,,66,4.6,80,,,,,,40,802,Clouds,scattered clouds,03d
1168203600,2007-01-07 21:00:00 +0000 UTC,-36000,Honolulu,21.309884,-157.85814,299.52,10000,292.41,299.52,297.71,300.3,1017,,,65,5.7,60,,,,,,40,802,Clouds,scattered clouds,03d
1168207200,2007-01-07 22:00:00 +0000 UTC,-36000,Honolulu,21.309884,-157.85814,299.61,10000,292,299.61,298.68,300.3,1016,,,63,6.7,40,,,,,,40,802,Clouds,scattered clouds,03d
1168210800,2007-01-07 23:00:00 +0000 UTC,-36000,Honolulu,21.309884,-157.85814,299.89,10000,292.52,301.17,298.08,300.25,1015,,,64,6.2,70,,,,,,75,803,Clouds,broken clouds,04d
1168214400,2007-01-08 00:00:00 +0000 UTC,-36000,Honolulu,21.309884,-157.85814,299.86,10000,292.49,301.13,298.08,300.25,1014,,,64,6.2,80,,,,,,40,802,Clouds,scattered clouds,03d
1168218000,2007-01-08 01:00:00 +0000 UTC,-36000,Honolulu,21.309884,-157.85814,299.58,10000,292.22,299.58,298.68,299.75,1014,,,64,5.1,90,7.7,,,,,75,803,Clouds,broken clouds,04d
1168221600,2007-01-08 02:00:00 +0000 UTC,-36000,Honolulu,21.309884,-157.85814,299.9,10000,292.77,301.25,297.71,300.25,1014,,,65,5.7,100,8.2,,,,,75,803,Clouds,broken clouds,04d
1168225200,2007-01-08 03:00:00 +0000 UTC,-36000,Honolulu,21.309884,-157.85814,299.35,10000,292.74,299.35,296.71,299.75,1014,,,67,4.6,100,7.7,,,,,75,803,Clouds,broken clouds,04d
1168228800,2007-01-08 04:00:00 +0000 UTC,-36000,Honolulu,21.309884,-157.85814,297.96,10000,292.79,298.4,295.71,298.1,1014,,,73,5.1,330,,,,,,75,803,Clouds,broken clouds,04d
1168232400,2007-01-08 05:00:00 +0000 UTC,-36000,Honolulu,21.309884,-157.85814,296.95,10000,292.68,297.4,294.71,297,1015,,,77,5.1,110,,,,,,75,803,Clouds,broken clouds,04n
1168236000,2007-01-08 06:00:00 +0000 UTC,-36000,Honolulu,21.309884,-157.85814,296.87,10000,292.6,297.31,294.71,296.98,1015,,,77,4.1,100,,,,,,40,802,Clouds,scattered clouds,03n
1168239600,2007-01-08 07:00:00 +0000 UTC,-36000,Honolulu,21.309884,-157.85814,296.44,10000,292.39,296.86,294.71,297.48,1015,,,78,3.6,100,,,,,,40,802,Clouds,scattered clouds,03n
1168243200,2007-01-08 08:00:00 +0000 UTC,-36000,Honolulu,21.309884,-157.85814,296.01,10000,292.58,296.47,293.71,297.48,1015,,,81,2.1,110,,,,,,20,521,Rain,shower rain,09n
1168246800,2007-01-08 09:00:00 +0000 UTC,-36000,Honolulu,21.309884,-157.85814,295.37,10000,292.73,295.87,292.71,296.38,1014,,,85,4.1,100,,,,,,75,520,Rain,light intensity shower rain,09n
1168250400,2007-01-08 10:00:00 +0000 UTC,-36000,Honolulu,21.309884,-157.85814,295.97,10000,292.34,296.4,293.71,296.98,1014,,,80,4.1,100,,,,,,75,803,Clouds,broken clouds,04n
1168254000,2007-01-08 11:00:00 +0000 UTC,-36000,Honolulu,21.309884,-157.85814,295.99,10000,292.76,296.47,293.71,296.98,1014,,,82,3.6,110,,,,,,20,801,Clouds,few clouds,02n
1168257600,2007-01-08 12:00:00 +0000 UTC,-36000,Honolulu,21.309884,-157.85814,295.91,10000,292.68,296.38,293.7,296.98,1013,,,82,1.5,100,,,,,,40,802,Clouds,scattered clouds,03n
1168261200,2007-01-08 13:00:00 +0000 UTC,-36000,Honolulu,21.309884,-157.85814,295.24,10000,292.98,295.78,293.1,295.88,1012,,,87,1.5,310,,,,,,40,802,Clouds,scattered clouds,03n
1168264800,2007-01-08 14:00:00 +0000 UTC,-36000,Honolulu,21.309884,-157.85814,294.72,10000,292.46,295.2,292.5,295.28,1012,,,87,1.5,290,,0.13,,,,75,500,Rain,light rain,10n
1168268400,2007-01-08 15:00:00 +0000 UTC,-36000,Honolulu,21.309884,-157.85814,294.55,10000,292.48,295.04,292.5,294.75,1012,,,88,1.5,40,,0.46,,,,20,500,Rain,light rain,10n
1168272000,2007-01-08 16:00:00 +0000 UTC,-36000,Honolulu,21.309884,-157.85814,294.61,10000,292.54,295.11,292.71,294.75,1012,,,88,2.1,100,,1.31,,,,75,501,Rain,moderate rain,10n
1168275600,2007-01-08 17:00:00 +0000 UTC,-36000,Honolulu,21.309884,-157.85814,294.58,10000,292.51,295.08,292.71,294.75,1012,,,88,0,0,,1.28,,,,20,501,Rain,moderate rain,10n
1168279200,2007-01-08 18:00:00 +0000 UTC,-36000,Honolulu,21.309884,-157.85814,295.16,10000,291.75,295.53,293.7,295.25,1013,,,81,2.1,340,,0.9,,,,40,500,Rain,light rain,10d
1168282800,2007-01-08 19:00:00 +0000 UTC,-36000,Honolulu,21.309884,-157.85814,295.66,10000,293.2,296.21,294.71,295.85,1013,,,86,2.6,10,,0.24,,,,75,520,Rain,light intensity shower rain,09d
1168286400,2007-01-08 20:00:00 +0000 UTC,-36000,Honolulu,21.309884,-157.85814,297.8,10000,293.71,298.36,295.71,298.1,1013,,,78,2.1,130,,0.13,,,,75,500,Rain,light rain,10d
1168290000,2007-01-08 21:00:00 +0000 UTC,-36000,Honolulu,21.309884,-157.85814,297.96,10000,293.86,298.53,296.71,298.1,1012,,,78,1.5,0,,0.18,,,,20,500,Rain,light rain,10d
1168293600,2007-01-08 22:00:00 +0000 UTC,-36000,Honolulu,21.309884,-157.85814,298.48,10000,293.51,299,297.1,298.71,1012,,,74,3.1,150,,0.23,,,,75,500,Rain,light rain,10d
1168297200,2007-01-08 23:00:00 +0000 UTC,-36000,Honolulu,21.309884,-157.85814,297.86,10000,293.97,298.45,296.1,298.05,1011,,,79,2.6,130,,0.35,,,,20,500,Rain,light rain,10d
1168300800,2007-01-09 00:00:00 +0000 UTC,-36000,Honolulu,21.309884,-157.85814,297.32,10000,294.05,297.93,296.4,297.45,1010,,,82,4.1,140,,0.46,,,,40,500,Rain,light rain,10d
1168304400,2007-01-09 01:00:00 +0000 UTC,-36000,Honolulu,21.309884,-157.85814,296.91,10000,292.85,297.38,296.38,297.05,1010,,,78,3.6,150,,0.66,,,,40,520,Rain,light intensity shower rain,09d
1168304400,2007-01-09 01:00:00 +0000 UTC,-36000,Honolulu,21.309884,-157.85814,296.91,10000,292.85,297.38,296.38,297.05,1010,,,78,3.6,150,,0.66,,,,40,201,Thunderstorm,thunderstorm with rain,11d
1168308000,2007-01-09 02:00:00 +0000 UTC,-36000,Honolulu,21.309884,-157.85814,296.03,10000,293.37,296.59,294.71,296.38,1010,,,85,3.6,160,,0.92,,,,75,500,Rain,light rain,10d
1168311600,2007-01-09 03:00:00 +0000 UTC,-36000,Honolulu,21.309884,-157.85814,296.06,10000,293.4,296.63,293.71,296.35,1011,,,85,3.6,170,,0.5,0.5,,,75,500,Rain,light rain,10d
1168315200,2007-01-09 04:00:00 +0000 UTC,-36000,Honolulu,21.309884,-157.85814,295.48,10000,293.58,296.09,292.71,295.85,1011,,,89,2.6,110,,0.8,,,,75,500,Rain,light rain,10d
1168318800,2007-01-09 05:00:00 +0000 UTC,-36000,Honolulu,21.309884,-157.85814,294.56,6437,293.38,295.18,292.71,294.75,1012,,,93,3.6,70,,2.5,,,,100,701,Mist,mist,50n
1168318800,2007-01-09 05:00:00 +0000 UTC,-36000,Honolulu,21.309884,-157.85814,294.56,6437,293.38,295.18,292.71,294.75,1012,,,93,3.6,70,,2.5,,,,100,501,Rain,moderate rain,10n
1168322400,2007-01-09 06:00:00 +0000 UTC,-36000,Honolulu,21.309884,-157.85814,294.13,10000,293.13,294.74,293.7,294.18,1012,,,94,2.1,320,,0.65,,,,40,520,Rain,light intensity shower rain,09n
1168326000,2007-01-09 07:00:00 +0000 UTC,-36000,Honolulu,21.309884,-157.85814,294.13,10000,292.78,294.69,292.71,294.18,1011,,,92,1.5,330,,0.3,,,,75,500,Rain,light rain,10n
1168329600,2007-01-09 08:00:00 +0000 UTC,-36000,Honolulu,21.309884,-157.85814,294.13,10000,293.13,294.74,293.7,294.18,1012,,,94,0,0,,0.47,,,,75,500,Rain,light rain,10n
1168333200,2007-01-09 09:00:00 +0000 UTC,-36000,Honolulu,21.309884,-157.85814,293.62,10000,292.45,294.15,292.71,293.68,1012,,,93,0,0,,,0.3,,,75,500,Rain,light rain,10n
1168336800,2007-01-09 10:00:00 +0000 UTC,-36000,Honolulu,21.309884,-157.85814,293.53,10000,292.53,294.08,293.08,293.71,1012,,,94,0,0,,,,,,75,803,Clouds,broken clouds,04n
1168340400,2007-01-09 11:00:00 +0000 UTC,-36000,Honolulu,21.309884,-157.85814,293.12,10000,291.78,293.57,292.5,293.68,1011,,,92,1.5,360,,0.16,,,,20,500,Rain,light rain,10n
1168344000,2007-01-09 12:00:00 +0000 UTC,-36000,Honolulu,21.309884,-157.85814,293.5,10000,291.63,293.91,291.71,293.65,1011,,,89,1.5,320,,0.12,,,,0,500,Rain,light rain,10n
1168347600,2007-01-09 13:00:00 +0000 UTC,-36000,Honolulu,21.309884,-157.85814,293.19,10000,291.68,293.63,291.71,294.18,1011,,,91,0,0,,0.21,,,,20,500,Rain,light rain,10n
1168351200,2007-01-09 14:00:00 +0000 UTC,-36000,Honolulu,21.309884,-157.85814,293.39,10000,291.7,293.82,292.71,295.28,1011,,,90,0,0,,0.1,,,,20,520,Rain,light intensity shower rain,09n
1168354800,2007-01-09 15:00:00 +0000 UTC,-36000,Honolulu,21.309884,-157.85814,293.39,10000,291.7,293.82,293.05,295.28,1011,,,90,0,0,,,,,,20,801,Clouds,few clouds,02n
1168358400,2007-01-09 16:00:00 +0000 UTC,-36000,Honolulu,21.309884,-157.85814,293,10000,291.49,293.42,292.45,295.88,1011,,,91,2.1,110,,,,,,20,801,Clouds,few clouds,02n
1168362000,2007-01-09 17:00:00 +0000 UTC,-36000,Honolulu,21.309884,-157.85814,293.99,10000,292.29,294.48,293.65,295.88,1012,,,90,1.5,330,,0.15,,,,75,500,Rain,light rain,10n
1168365600,2007-01-09 18:00:00 +0000 UTC,-36000,Honolulu,21.309884,-157.85814,294.78,10000,292.89,295.32,293.7,295.28,1012,,,89,3.1,340,,0.12,,,,20,500,Rain,light rain,10d
1168369200,2007-01-09 19:00:00 +0000 UTC,-36000,Honolulu,21.309884,-157.85814,296.25,10000,293.78,296.86,295.71,296.35,1013,,,86,0,0,,,,,,20,801,Clouds,few clouds,02d
1168372800,2007-01-09 20:00:00 +0000 UTC,-36000,Honolulu,21.309884,-157.85814,296.98,10000,293.32,297.51,296.95,297.71,1014,,,80,0,0,,,,,,20,801,Clouds,few clouds,02d
1168376400,2007-01-09 21:00:00 +0000 UTC,-36000,Honolulu,21.309884,-157.85814,298.2,10000,294.1,298.8,298.05,299.2,1014,,,78,3.6,140,,,,,,20,801,Clouds,few clouds,02d
1168380000,2007-01-09 22:00:00 +0000 UTC,-36000,Honolulu,21.309884,-157.85814,298.99,10000,294.44,299.61,298.08,299.71,1013,,,76,5.1,140,,,,,,20,801,Clouds,few clouds,02d
1168383600,2007-01-09 23:00:00 +0000 UTC,-36000,Honolulu,21.309884,-157.85814,299.13,10000,294.36,299.13,298.7,299.71,1011,,,75,6.2,140,,,,,,20,801,Clouds,few clouds,02d